codigo_proveedor,nombre,tipo_medio,exhibicion,unidad,es_rotativo,plaza_ciudad,direccion,latitud,longitud,ancho_m,alto_m,caras,iluminacion,tipo_estructura,vista,tramo,tarifa_publicada,renta_arrendador,spots_por_hora,duracion_spot_seg,horario,notas
DIG-010,Insurgentes Sur LED,espectacular,digital,spot,si,Ciudad de Mexico,"Av Insurgentes Sur 1602, Credito Constructor",19.3667,-99.1808,9.6,5.4,1,si,Pantalla LED,natural,Norte a Sur,3200,110000,60,15,06:00-23:00,Resolucion 1920x1080
DIG-011,Santa Fe Torre Digital,espectacular,digital,hora,si,Ciudad de Mexico,"Av Santa Fe 495, Santa Fe",19.3617,-99.2735,10.5,6.0,1,si,Pantalla LED,cruzada,Poniente a Oriente,18500,94000,60,20,00:00-24:00,Opera 24 horas
DIG-012,Aeropuerto T2 Sala B,otro,digital,programatico,si,Ciudad de Mexico,"Aeropuerto Internacional Benito Juarez T2",19.4254,-99.0868,3.2,1.8,1,si,Pantalla interior,natural,,2400,68000,90,10,05:00-24:00,Inventario programatico via DSP
DIG-013,Andares Circuito Digital,espectacular,digital,diaria,si,Guadalajara,"Blvd Puerta de Hierro 4965, Zapopan",20.7095,-103.4165,8.0,4.5,1,si,Pantalla LED,natural,Oriente a Poniente,42000,52000,60,15,07:00-23:00,
DIG-014,Valle Oriente Fachada,muro,digital,mensual,no,Monterrey,"Av Lazaro Cardenas 2400, San Pedro",25.6489,-100.3105,16.0,9.0,1,si,Pantalla LED fachada,cruzada,Sur a Norte,310000,120000,,,06:00-24:00,Se vende por mes completo aunque es digital
DIG-015,Mupi Digital Reforma,mupi,digital,spot,si,Ciudad de Mexico,"Paseo de la Reforma 222, Juarez",19.4284,-99.1590,1.2,1.8,2,si,Mupi digital,natural,,850,16000,120,10,06:00-23:00,Doble cara
DIG-020,Periferico Norte Gran LED,espectacular,digital,spot,si,Ciudad de Mexico,"Periferico Norte 890, Azcapotzalco",19.4869,-99.1900,12.9,7.2,1,si,Pantalla LED,natural,Sur a Norte,4100,135000,60,15,06:00-23:00,Misma pantalla: modalidad por spot
DIG-020,Periferico Norte Gran LED,espectacular,digital,hora,si,Ciudad de Mexico,"Periferico Norte 890, Azcapotzalco",19.4869,-99.1900,12.9,7.2,1,si,Pantalla LED,natural,Sur a Norte,22000,135000,60,15,06:00-23:00,Misma pantalla: modalidad por hora
DIG-020,Periferico Norte Gran LED,espectacular,digital,mensual,si,Ciudad de Mexico,"Periferico Norte 890, Azcapotzalco",19.4869,-99.1900,12.9,7.2,1,si,Pantalla LED,natural,Sur a Norte,395000,135000,60,15,06:00-23:00,Misma pantalla: modalidad mensual
DIG-030,Tlalpan pantalla mal tipificada,pantalla,digital,spot,si,Ciudad de Mexico,"Calzada de Tlalpan 1924, Country Club",19.3340,-99.1420,9.6,5.4,1,si,Pantalla LED,natural,Norte a Sur,2800,72000,60,15,06:00-23:00,
DIG-031,Ecatepec LED sin coordenadas,espectacular,digital,spot,si,Estado de Mexico,"Av Central 120, Ecatepec",,,9.6,5.4,1,si,Pantalla LED,natural,Poniente a Oriente,1900,48000,60,15,06:00-23:00,
DIG-032,Toluca LED renta en cero,espectacular,digital,spot,si,Toluca,"Paseo Tollocan 1200, Toluca",19.2826,-99.6557,8.0,4.5,1,si,Pantalla LED,cruzada,Oriente a Poniente,1600,0,60,15,06:00-23:00,
FIJ-040,Espectacular fijo vendido por spot,espectacular,fijo,spot,no,Ciudad de Mexico,"Viaducto Miguel Aleman 234, Napoles",19.3944,-99.1782,12.9,7.2,1,si,Unipolar,natural,Oriente a Poniente,180000,60000,,,,Esta fila DEBE ser rechazada
